UC;AREA;ANO
APA Carste de Lagoa Santa;162,89;2023
APA Cavernas do Peruaçu;260,65;2017
APA Cavernas do Peruaçu;123,91;2019
APA Cavernas do Peruaçu;85,95;2020
APA Cavernas do Peruaçu;640,73;2022
APA Cavernas do Peruaçu;388,42;2023
APA da Bacia do Rio Descoberto;1585,39;2017
APA da Bacia do Rio Descoberto;2250,46;2022
APA da Bacia do Rio Descoberto;713,05;2023
APA da Bacia do Rio Paraíba do Sul;182,09;2017
APA da Bacia do Rio Paraíba do Sul;647,04;2022
APA da Bacia do Rio Paraíba do Sul;545,34;2023
APA da Bacia do Rio Paraíba do Sul;187,92;2020
APA da Bacia do Rio São Bartolomeu;1620,04;2017
APA da Bacia do Rio São Bartolomeu;557,25;2022
APA da Bacia do Rio São Bartolomeu;184,51;2023
APA da Bacia do Rio São João/Mico-Leão-Dourado;148,56;2022
APA da Bacia do Rio São João/Mico-Leão-Dourado;530,6;2023
APA da Baleia Franca;2,72;2022
APA da Baleia Franca;106,64;2023
APA da Chapada do Araripe;0,59;2022
APA da Chapada do Araripe;172,77;2023
APA da Região Serrana de Petrópolis;549,99;2020
APA da Região Serrana de Petrópolis;236,88;2022
APA da Região Serrana de Petrópolis;165,45;2023
APA da Serra da Mantiqueira;3703,56;2017
APA da Serra da Mantiqueira;547,59;2020
APA da Serra da Mantiqueira;1586,9;2021
APA da Serra da Mantiqueira;60,63;2022
APA da Serra da Mantiqueira;247,65;2023
APA das Ilhas e Várzeas do Rio Paraná;14446,99;2012
APA das Ilhas e Várzeas do Rio Paraná;5972,3;2017
APA das Ilhas e Várzeas do Rio Paraná;1544,17;2022
APA das Ilhas e Várzeas do Rio Paraná;384,62;2023
APA das Nascentes do Rio Vermelho;7592,34;2017
APA das Nascentes do Rio Vermelho;13652,24;2022
APA das Nascentes do Rio Vermelho;1075,4;2023
APA de Cairuçu;3,81;2023
APA de Cananéia-Iguape-Peruíbe;2,71;2023
APA de Guapi-Mirim;159,61;2023
APA Delta do Parnaíba;1367,11;2017
APA Delta do Parnaíba;154,97;2022
APA do Boqueirão da Onça;1684,48;2022
APA do Boqueirão da Onça;62,67;2023
APA do Ibirapuitã;3316,9;2022
APA do Ibirapuitã;31,67;2023
APA do Morro da Pedreira;9821,64;2011
APA do Planalto Central;13509,7;2017
APA do Planalto Central;19507,94;2022
APA do Planalto Central;9518,01;2023
APA do Tapajós;598,94;2012
APA do Tapajós;1049,67;2023
APA dos Meandros do Rio Araguaia;119319,47;2007
APA dos Meandros do Rio Araguaia;151619,37;2010
APA dos Meandros do Rio Araguaia;82626,45;2012
APA Meandros do Rio Araguaia;114142,61;2017
APA Meandros do Rio Araguaia;35269,48;2022
APA Meandros do Rio Araguaia;59709,5;2023
APA Morro da Pedreira;1107,72;2012
APA Morro da Pedreira;6668,97;2015
APA Morro da Pedreira;5852,61;2016
APA Morro da Pedreira;360,29;2017
APA Morro da Pedreira;4977,37;2022
APA Morro da Pedreira;250,83;2023
APA Serra da Ibiapaba;5102,34;2022
APA Serra da Ibiapaba;10968,44;2023
APA Serra da Tabatinga;72,52;2022
APA Serra de Ibiapaba;9986,08;2017
ARIE Seringal Nova Esperança;1,29;2023
ARIE Serra da Abelha/Rio da Prata;1,97;2023
ESEC da Mata Preta;8,42;2022
ESEC da Serra das Araras;2450,41;2017
ESEC da Serra das Araras;3482,47;2019
ESEC da Serra das Araras;22664,36;2020
ESEC da Serra das Araras;844,2;2022
ESEC da Serra das Araras;1688,52;2023
ESEC da Terra do Meio;6967,8;2010
ESEC da Terra do Meio;787,1;2011
ESEC da Terra do Meio;2136,93;2012
ESEC da Terra do Meio;766,64;2014
ESEC da Terra do Meio;2599,19;2015
ESEC da Terra do Meio;347,82;2016
ESEC da Terra do Meio;8815,15;2017
ESEC da Terra do Meio;365,32;2018
ESEC da Terra do Meio;8201,56;2019
ESEC da Terra do Meio;8466,72;2020
ESEC da Terra do Meio;8117,58;2021
ESEC da Terra do Meio;2941,72;2022
ESEC da Terra do Meio;355,16;2023
ESEC de Aiuaba;144,91;2019
ESEC de Aiuaba;60,14;2023
ESEC de Caracaraí;291,73;2014
ESEC de Caracaraí;3975,51;2015
ESEC de Caracaraí;731,39;2016
ESEC de Cuniã;7559,3;2010
ESEC de Cuniã;672,78;2012
ESEC de Cuniã;4451,25;2013
ESEC de Cuniã;1088,56;2018
ESEC de Cuniã;719,44;2019
ESEC de Cuniã;832,14;2020
ESEC de Cuniã;5145,33;2022
ESEC de Cuniã;1043,96;2023
ESEC de Iquê;440,36;2017
ESEC de Niquiá;71161,66;2018
ESEC de Taiamã;1107,51;2011
ESEC de Taiamã;3996,83;2020
ESEC de Uruçuí-Una;17915,96;2021
ESEC de Uruçuí-Una;47069,58;2007
ESEC de Uruçuí-Una;68515,57;2010
ESEC de Uruçuí-Una;16543,78;2011
ESEC de Uruçuí-Una;65507,65;2012
ESEC de Uruçuí-Una;12267,56;2013
ESEC de Uruçuí-Una;34874,47;2014
ESEC de Uruçuí-Una;59146,66;2015
ESEC de Uruçuí-Una;28439,7;2016
ESEC de Uruçuí-Una;27425,19;2017
ESEC de Uruçuí-Una;19132,68;2018
ESEC de Uruçuí-Una;39195,46;2019
ESEC de Uruçuí-Una;43551,23;2020
ESEC de Uruçuí-Una;40106,75;2022
ESEC de Uruçuí-Una;40073,58;2023
ESEC do Castanhão;1513,11;2018
ESEC do Castanhão;5,1;2023
ESEC do Taim;3930,44;2013
ESEC do Taim;12096,25;2022
ESEC Niquiá;5454,28;2023
ESEC Raso da Catarina;1758,15;2015
ESEC Raso da Catarina;436,74;2021
ESEC Serra Geral do Tocantins;349863,8;2007
ESEC Serra Geral do Tocantins;303965,28;2010
ESEC Serra Geral do Tocantins;251539,07;2012
ESEC Serra Geral do Tocantins;192624,89;2013
ESEC Serra Geral do Tocantins;286303,73;2014
ESEC Serra Geral do Tocantins;233367,83;2015
ESEC Serra Geral do Tocantins;229960,22;2016
ESEC Serra Geral do Tocantins;185744,07;2017
ESEC Serra Geral do Tocantins;141042,17;2018
ESEC Serra Geral do Tocantins;172347,32;2019
ESEC Serra Geral do Tocantins;261143,22;2020
ESEC Serra Geral do Tocantins;83000,11;2021
ESEC Serra Geral do Tocantins;297816,73;2022
ESEC Serra Geral do Tocantins;172718,77;2023
ESEC Serra Geral do Tocantins;185084,29;2011
FLONA da Mata Grande;258,75;2023
FLONA de Altamira;4890,98;2010
FLONA de Altamira;3389,27;2012
FLONA de Altamira;3284,53;2014
FLONA de Altamira;3223,06;2015
FLONA de Altamira;3586,42;2016
FLONA de Altamira;5562,93;2017
FLONA de Altamira;306,78;2018
FLONA de Altamira;10089,86;2019
FLONA de Altamira;10442,97;2020
FLONA de Altamira;11031,48;2021
FLONA de Altamira;8300,77;2023
FLONA de Balata-Tufari;587,32;2016
FLONA de Balata-Tufari;1103,92;2018
FLONA de Balata-Tufari;592,51;2023
FLONA de Brasília;406,75;2013
FLONA de Brasília;984,61;2014
FLONA de Brasília;760,5;2015
FLONA de Brasília;1610,37;2016
FLONA de Brasília;2634,64;2017
FLONA de Brasília;1523,82;2019
FLONA de Brasília;445,48;2020
FLONA de Brasília;1988,87;2021
FLONA de Brasília;2079,7;2022
FLONA de Brasília;250,7;2023
FLONA de Brasília;2921,24;2011
FLONA de Carajás;290,48;2017
FLONA de Carajás;10625,17;2020
FLONA de Caxiuanã;76,66;2023
FLONA de Cristópolis;328,8;2018
FLONA de Cristópolis;136,4;2023
FLONA de Humaitá;8,87;2022
FLONA de Ipanema;11,37;2018
FLONA de Ipanema;23,53;2023
FLONA de Itaituba II;1293,65;2017
FLONA de Itaituba II;625,7;2021
FLONA de Itaituba II;651,72;2023
FLONA de Jacundá;182,59;2017
FLONA de Jacundá;126,35;2022
FLONA de Jacundá;347,48;2023
FLONA de Macauã;13,6;2018
FLONA de Mulata;584,06;2015
FLONA de Roraima;696,87;2015
FLONA de Roraima;1584,55;2016
FLONA de Roraima;1382,43;2018
FLONA de Roraima;54500,41;2019
FLONA de Roraima;52,71;2022
FLONA de Roraima;127,03;2023
FLONA de Santa Rosa do Purus;165,75;2018
FLONA de Santa Rosa do Purus;96,24;2023
FLONA de São Francisco de Paula;2,54;2022
FLONA de Saracá-Taquera;0,7;2023
FLONA de Silvania;17,73;2022
FLONA de Urupadi;117,8;2023
FLONA do Amazonas;2830,37;2016
FLONA do Amazonas;186,61;2019
FLONA do Amazonas;8,52;2023
FLONA do Araripe-Apodi;999,45;2019
FLONA do Aripuanã;531,79;2017
FLONA do Aripuanã;331,81;2018
FLONA do Aripuanã;100,53;2019
FLONA do Aripuanã;2385,3;2020
FLONA do Aripuanã;1620,48;2022
FLONA do Aripuanã;2135,56;2023
FLONA do Bom Futuro;3857,57;2010
FLONA do Bom Futuro;746,4;2011
FLONA do Bom Futuro;3543,34;2012
FLONA do Bom Futuro;85,17;2013
FLONA do Bom Futuro;805,83;2014
FLONA do Bom Futuro;3956,61;2015
FLONA do Bom Futuro;1299,18;2016
FLONA do Bom Futuro;5056,16;2017
FLONA do Bom Futuro;2909,81;2018
FLONA do Bom Futuro;5069,96;2019
FLONA do Bom Futuro;3066,14;2020
FLONA do Bom Futuro;7200,64;2021
FLONA do Bom Futuro;4435,07;2022
FLONA do Bom Futuro;3652,18;2023
FLONA do Crepori;137,38;2023
FLONA do Iquiri;4746,57;2010
FLONA do Iquiri;1104,16;2012
FLONA do Iquiri;410,32;2015
FLONA do Iquiri;336,55;2022
FLONA do Itacaiunas;153,85;2013
FLONA do Itacaiunas;237,65;2016
FLONA do Itacaiunas;1107,76;2017
FLONA do Itacaiunas;400,46;2021
FLONA do Itacaiunas;288,67;2022
FLONA do Itacaiunas;35,18;2023
FLONA do Jamanxim;31177,55;2010
FLONA do Jamanxim;1876,8;2011
FLONA do Jamanxim;14298,67;2012
FLONA do Jamanxim;2879,64;2013
FLONA do Jamanxim;16660,33;2014
FLONA do Jamanxim;30275,23;2015
FLONA do Jamanxim;25239,69;2016
FLONA do Jamanxim;37380,58;2017
FLONA do Jamanxim;17203,86;2018
FLONA do Jamanxim;50227,77;2019
FLONA do Jamanxim;66665,3;2020
FLONA do Jamanxim;44461,55;2021
FLONA do Jamanxim;42494,15;2022
FLONA do Jamanxim;2112,2;2023
FLONA do Jamari;40,17;2017
FLONA do Jamari;1194,09;2019
FLONA do Jamari;870,18;2023
FLONA do Jatuarana;44,35;2023
FLONA do Tapajós;39,55;2022
FLONA do Tapajós;3194,74;2023
FLONA do Trairão;284,17;2023
FLONA Mário Xavier;31,1;2023
MONA dos Portões Capixabas;85,49;2017
PARNA de Mapinguari;1670,64;2011
PARNA Cavernas do Peruaçu;148,19;2021
PARNA da Amazônia;1,81;2022
PARNA da Amazônia;56,13;2023
PARNA da Chapada das Mesas;26392,85;2007
PARNA da Chapada das Mesas;48949,48;2010
PARNA da Chapada das Mesas;25594,1;2011
PARNA da Chapada das Mesas;16956,86;2012
PARNA da Chapada das Mesas;34850,85;2013
PARNA da Chapada das Mesas;20980,85;2014
PARNA da Chapada das Mesas;19498,66;2015
PARNA da Chapada das Mesas;20046,73;2017
PARNA da Chapada das Mesas;4045,11;2018
PARNA da Chapada das Mesas;14061,94;2019
PARNA da Chapada das Mesas;38531,16;2020
PARNA da Chapada das Mesas;33706,21;2021
PARNA da Chapada das Mesas;63967,67;2022
PARNA da Chapada das Mesas;35300,85;2023
PARNA da Chapada Diamantina;841,16;2010
PARNA da Chapada Diamantina;6963,64;2012
PARNA da Chapada Diamantina;2733,59;2013
PARNA da Chapada Diamantina;34094,22;2015
PARNA da Chapada Diamantina;2274,81;2016
PARNA da Chapada Diamantina;355,97;2017
PARNA da Chapada Diamantina;3958,82;2018
PARNA da Chapada Diamantina;513,85;2020
PARNA da Chapada Diamantina;2765,26;2021
PARNA da Chapada Diamantina;1265,47;2022
PARNA da Chapada Diamantina;4110,46;2023
PARNA da Chapada dos Guimarães;4309,47;2017
PARNA da Chapada dos Guimarães;7249,53;2019
PARNA da Chapada dos Guimarães;902,16;2020
PARNA da Chapada dos Guimarães;666,68;2021
PARNA da Chapada dos Guimarães;1930,72;2022
PARNA da Chapada dos Guimarães;2176,79;2023
PARNA da Chapada dos Guimarães;6442,65;2007
PARNA da Chapada dos Guimarães;10926,72;2010
PARNA da Chapada dos Guimarães;1903,42;2012
PARNA da Chapada dos Guimarães;6643,01;2015
PARNA da Chapada dos Guimarães;2651,69;2016
PARNA da Chapada dos Veadeiros;54465,44;2007
PARNA da Chapada dos Veadeiros;44181,13;2010
PARNA da Chapada dos Veadeiros;6279,74;2012
PARNA da Chapada dos Veadeiros;453,14;2013
PARNA da Chapada dos Veadeiros;8554,81;2014
PARNA da Chapada dos Veadeiros;14581,17;2015
PARNA da Chapada dos Veadeiros;183,78;2016
PARNA da Chapada dos Veadeiros;86491,95;2017
PARNA da Chapada dos Veadeiros;13384,39;2018
PARNA da Chapada dos Veadeiros;41889,35;2019
PARNA da Chapada dos Veadeiros;1380,53;2019
PARNA da Chapada dos Veadeiros;42726,64;2020
PARNA da Chapada dos Veadeiros;33128,93;2021
PARNA da Chapada dos Veadeiros;64619,18;2022
PARNA da Chapada dos Veadeiros;36092,04;2023
PARNA da Lagoa do Peixe;69,55;2017
PARNA da Lagoa do Peixe;241,69;2019
PARNA da Restinga de Jurubatiba;79,8;2021
PARNA da Serra da Bocaina;1011,96;2017
PARNA da Serra da Bocaina;629,8;2022
PARNA da Serra da Bocaina;292,54;2023
PARNA da Serra da Bodoquena;13,62;2021
PARNA da Serra da Bodoquena;6,23;2022
PARNA da Serra da Canastra;86469,92;2007
PARNA da Serra da Canastra;82930,63;2010
PARNA da Serra da Canastra;28404,14;2011
PARNA da Serra da Canastra;88365,47;2012
PARNA da Serra da Canastra;12548,18;2013
PARNA da Serra da Canastra;92584,59;2014
PARNA da Serra da Canastra;38117,15;2015
PARNA da Serra da Canastra;91519,85;2016
PARNA da Serra da Canastra;50598,45;2017
PARNA da Serra da Canastra;44544,03;2018
PARNA da Serra da Canastra;41897,36;2019
PARNA da Serra da Canastra;84254,02;2020
PARNA da Serra da Canastra;27910,51;2021
PARNA da Serra da Canastra;54959,18;2022
PARNA da Serra da Canastra;46780,91;2023
PARNA da Serra da Capivara;41,53;2022
PARNA da Serra das Confusões;21843,13;2010
PARNA da Serra das Confusões;11092,05;2013
PARNA da Serra das Confusões;73486,6;2015
PARNA da Serra das Confusões;3965,5;2016
PARNA da Serra das Confusões;6560,36;2017
PARNA da Serra das Confusões;22306,63;2018
PARNA da Serra das Confusões;2038,73;2019
PARNA da Serra das Confusões;1070,11;2020
PARNA da Serra das Confusões;39222,26;2021
PARNA da Serra das Confusões;16301,52;2022
PARNA da Serra das Confusões;24688,54;2023
PARNA da Serra de Itabaiana;549,8;2013
PARNA da Serra do Cipó;6649,08;2012
PARNA da Serra do Cipó;7505,68;2014
PARNA da Serra do Cipó;7547,81;2015
PARNA da Serra do Cipó;1288,15;2016
PARNA da Serra do Cipó;614,01;2017
PARNA da Serra do Cipó;5532,14;2019
PARNA da Serra do Cipó;884,56;2019
PARNA da Serra do Cipó;18026,02;2020
PARNA da Serra do Cipó;761,61;2022
PARNA da Serra do Cipó;1304,87;2023
PARNA da Serra do Cipó;4426,54;2011
PARNA da Serra do Divisor;0,76;2023
PARNA da Serra do Gandarela;470,67;2015
PARNA da Serra do Gandarela;44,25;2017
PARNA da Serra do Gandarela;516,37;2018
PARNA da Serra do Gandarela;140,76;2019
PARNA da Serra do Gandarela;1437,74;2020
PARNA da Serra do Gandarela;2072,18;2022
PARNA da Serra do Gandarela;541,68;2023
PARNA da Serra do Itajaí;2,92;2020
PARNA da Serra do Itajaí;4,42;2022
PARNA da Serra do Itajaí;9,24;2023
PARNA da Serra do Pardo;2304,89;2017
PARNA da Serra do Pardo;4765,91;2019
PARNA da Serra do Pardo;196,62;2022
PARNA da Serra do Pardo;293,63;2023
PARNA da Serra do Teixeira;403,64;2023
PARNA da Serra dos Órgãos;34,87;2022
PARNA da Serra dos Órgãos;130,58;2023
PARNA da Serra dos Órgãos;328,36;2020
PARNA da Serra dos Órgãos;64,56;2018
PARNA da Serra Geral;198,23;2016
PARNA da Serra Geral;21,51;2017
PARNA da Serra Geral;640,68;2022
PARNA da Serra Geral;143,2;2023
PARNA da Tijuca;4,92;2017
PARNA das Araucárias;15,33;2023
PARNA das Emas;4651,68;2007
PARNA das Emas;117568;2010
PARNA das Emas;1560,19;2011
PARNA das Emas;10136,94;2012
PARNA das Emas;854,47;2013
PARNA das Emas;2298,83;2014
PARNA das Emas;37394,51;2015
PARNA das Emas;26217,09;2016
PARNA das Emas;16316,4;2017
PARNA das Emas;4491,17;2018
PARNA das Emas;46500,67;2019
PARNA das Emas;34436,51;2020
PARNA das Emas;32815,91;2021
PARNA das Emas;14817,35;2022
PARNA das Emas;14894,94;2023
PARNA das Nascentes do Rio Parnaíba;62075,01;2007
PARNA das Nascentes do Rio Parnaíba;259318,61;2010
PARNA das Nascentes do Rio Parnaíba;153878,59;2012
PARNA das Nascentes do Rio Parnaíba;163208,52;2013
PARNA das Nascentes do Rio Parnaíba;149041,64;2014
PARNA das Nascentes do Rio Parnaíba;226328,22;2015
PARNA das Nascentes do Rio Parnaíba;171540,76;2016
PARNA das Nascentes do Rio Parnaíba;144402,06;2017
PARNA das Nascentes do Rio Parnaíba;84336,75;2018
PARNA das Nascentes do Rio Parnaíba;196611,26;2019
PARNA das Nascentes do Rio Parnaíba;205335,98;2020
PARNA das Nascentes do Rio Parnaíba;157205,67;2021
PARNA das Nascentes do Rio Parnaíba;165651,89;2022
PARNA das Nascentes do Rio Parnaíba;6486,11;2023
PARNA das Nascentes do Rio Parnaíba;120406,76;2011
PARNA das Sempre-Vivas;2216,21;2014
PARNA das Sempre-Vivas;311,38;2018
PARNA das Sempre-Vivas;1421,78;2019
PARNA das Sempre-Vivas;2409,91;2020
PARNA das Sempre-Vivas;34690,1;2011
PARNA das Sempre-Vivas;3991,2;2015
PARNA das Sempre-Vivas;4051,97;2016
PARNA das Sempre-Vivas;5366,89;2022
PARNA das Sempre-Vivas;2736,21;2023
PARNA de Aparados da Serra;288,96;2016
PARNA de Aparados da Serra;855,56;2017
PARNA de Aparados da Serra;1661,4;2019
PARNA de Aparados da Serra;189,41;2022
PARNA de Aparados da Serra;1483,81;2023
PARNA de Boa Nova;41,14;2017
PARNA de Boa Nova;0;2023
PARNA de Brasília;14152,82;2007
PARNA de Brasília;15678,88;2010
PARNA de Brasília;135,5;2011
PARNA de Brasília;2393,88;2014
PARNA de Brasília;241,35;2015
PARNA de Brasília;3005,19;2016
PARNA de Brasília;6288,84;2017
PARNA de Brasília;2722,69;2019
PARNA de Brasília;3037,62;2020
PARNA de Brasília;7370,72;2021
PARNA de Brasília;14675,94;2022
PARNA de Brasília;1854,51;2023
PARNA de Ilha Grande;269;2010
PARNA de Ilha Grande;17689,68;2012
PARNA de Ilha Grande;10720,46;2014
PARNA de Ilha Grande;9662,54;2015
PARNA de Ilha Grande;35450,97;2017
PARNA de Ilha Grande;47440,62;2019
PARNA de Ilha Grande;4306,11;2020
PARNA de Ilha Grande;42473,16;2021
PARNA de Ilha Grande;17104,67;2023
PARNA de Itatiaia;113,36;2017
PARNA de Itatiaia;143,3;2019
PARNA de Itatiaia;147,05;2022
PARNA de Pacaás Novos;12689,84;2010
PARNA de Pacaás Novos;9169,27;2011
PARNA de Pacaás Novos;6127,7;2012
PARNA de Pacaás Novos;4366,76;2013
PARNA de Pacaás Novos;9300,7;2015
PARNA de Pacaás Novos;12787,86;2016
PARNA de Pacaás Novos;2694,24;2017
PARNA de Pacaás Novos;4706,3;2018
PARNA de Pacaás Novos;12130,54;2020
PARNA de Pacaás Novos;430,14;2021
PARNA de Pacaás Novos;10495,51;2022
PARNA de Pacaás Novos;8317,32;2023
PARNA de São Joaquim;157,73;2013
PARNA de São Joaquim;3410,16;2016
PARNA de São Joaquim;1524;2019
PARNA de São Joaquim;4553,98;2020
PARNA de São Joaquim;3372,46;2022
PARNA de São Joaquim;1322,93;2023
PARNA de Serra Geral;28,13;2019
PARNA de Sete Cidades;58,21;2023
PARNA do Acari;445,04;2019
PARNA do Acari;964,32;2023
PARNA do Araguaia;341764,05;2007
PARNA do Araguaia;226151,6;2008
PARNA do Araguaia;277560,28;2010
PARNA do Araguaia;84400,01;2011
PARNA do Araguaia;277808,38;2012
PARNA do Araguaia;140009,01;2013
PARNA do Araguaia;216326,73;2014
PARNA do Araguaia;239066,56;2015
PARNA do Araguaia;305337,96;2016
PARNA do Araguaia;370465,32;2017
PARNA do Araguaia;138454,91;2018
PARNA do Araguaia;329410,25;2019
PARNA do Araguaia;254503,33;2020
PARNA do Araguaia;206549,67;2021
PARNA do Araguaia;203292,52;2022
PARNA do Araguaia;155650,93;2023
PARNA do Boqueirão da Onça;3224,42;2018
PARNA do Boqueirão da Onça;159,9;2021
PARNA do Boqueirão da Onça;635,8;2022
PARNA do Cabo Orange;37480,88;2012
PARNA do Cabo Orange;2254,67;2015
PARNA do Cabo Orange;4466,49;2016
PARNA do Cabo Orange;1551,86;2019
PARNA do Cabo Orange;32260,13;2023
PARNA do Caparaó;710,44;2012
PARNA do Caparaó;180,78;2017
PARNA do Descobrimento;309,24;2014
PARNA do Descobrimento;192,04;2015
PARNA do Jamanxim;923,9;2010
PARNA do Jamanxim;380,05;2012
PARNA do Jamanxim;1378,13;2015
PARNA do Jamanxim;1452,74;2017
PARNA do Jamanxim;503,78;2019
PARNA do Jamanxim;1033,83;2021
PARNA do Jamanxim;2043,6;2022
PARNA do Jamanxim;90,61;2023
PARNA do Jaú;267,07;2022
PARNA do Jaú;6,41;2023
PARNA do Juruena;1063,04;2016
PARNA do Juruena;64,31;2018
PARNA do Juruena;883,25;2022
PARNA do Juruena;906,69;2023
PARNA do Monte Roraima;1360,36;2016
PARNA do Monte Roraima;211,57;2017
PARNA do Monte Roraima;609,54;2019
PARNA do Monte Roraima;0,85;2022
PARNA do Monte Roraima;1911,86;2023
PARNA do Pantanal Matogrossense;673,03;2012
PARNA do Pantanal Matogrossense;35173,96;2010
PARNA do Pantanal Matogrossense;9534,24;2013
PARNA do Pantanal Matogrossense;296,02;2017
PARNA do Pantanal Matogrossense;2176,67;2019
PARNA do Pantanal Matogrossense;132679,51;2020
PARNA do Pantanal Matogrossense;18146,25;2022
PARNA do Pantanal Matogrossense;53291,31;2023
PARNA do Pico da Neblina;630,59;2023
PARNA do Rio Novo;1640,82;2010
PARNA do Rio Novo;628,75;2014
PARNA do Rio Novo;490,33;2015
PARNA do Rio Novo;530,02;2016
PARNA do Rio Novo;919,11;2017
PARNA do Rio Novo;408,66;2018
PARNA do Rio Novo;1858,75;2019
PARNA do Rio Novo;2272,03;2020
PARNA do Rio Novo;1463,92;2022
PARNA do Rio Novo;263,87;2023
PARNA do Viruá;80179,01;2016
PARNA do Viruá;27780,27;2019
PARNA do Viruá;18231,61;2023
PARNA dos Campos Amazônicos;30284,42;2010
PARNA dos Campos Amazônicos;19103,31;2011
PARNA dos Campos Amazônicos;9336,52;2012
PARNA dos Campos Amazônicos;442,67;2013
PARNA dos Campos Amazônicos;71153,87;2014
PARNA dos Campos Amazônicos;4954,98;2015
PARNA dos Campos Amazônicos;20221,67;2016
PARNA dos Campos Amazônicos;14611,92;2017
PARNA dos Campos Amazônicos;26933,83;2018
PARNA dos Campos Amazônicos;38784,29;2019
PARNA dos Campos Amazônicos;20522,86;2020
PARNA dos Campos Amazônicos;27950,97;2021
PARNA dos Campos Amazônicos;25060,85;2022
PARNA dos Campos Amazônicos;22672,85;2023
PARNA dos Campos Ferruginosos;649,04;2021
PARNA dos Campos Ferruginosos;7173,14;2017
PARNA dos Campos Ferruginosos;1354,43;2019
PARNA dos Campos Ferruginosos;2540,3;2022
PARNA dos Campos Ferruginosos;52,55;2023
PARNA dos Campos Gerais;77,5;2017
PARNA dos Lençois Maranhenses;2,01;2023
PARNA e Histórico do Monte Pascoal;386,17;2014
PARNA e Histórico do Monte Pascoal;1127,96;2015
PARNA e Histórico do Monte Pascoal;703,97;2016
PARNA e Histórico do Monte Pascoal;124,01;2017
PARNA e Histórico do Monte Pascoal;1479,45;2019
PARNA e Histórico do Monte Pascoal;322,12;2020
PARNA e Histórico do Monte Pascoal;830,59;2021
PARNA e Histórico do Monte Pascoal;110,45;2022
PARNA e Histórico do Monte Pascoal;1670,46;2023
PARNA Grande Sertão Veredas;56527,31;2007
PARNA Grande Sertão Veredas;62439,73;2010
PARNA Grande Sertão Veredas;7544,65;2011
PARNA Grande Sertão Veredas;17043,47;2012
PARNA Grande Sertão Veredas;2430,84;2013
PARNA Grande Sertão Veredas;605,89;2014
PARNA Grande Sertão Veredas;8653,83;2015
PARNA Grande Sertão Veredas;1488,83;2016
PARNA Grande Sertão Veredas;6232,37;2017
PARNA Grande Sertão Veredas;1191,23;2019
PARNA Grande Sertão Veredas;94140,24;2020
PARNA Grande Sertão Veredas;262,94;2021
PARNA Grande Sertão Veredas;6289,63;2022
PARNA Grande Sertão Veredas;3045,39;2023
PARNA Mapinguari;56882,22;2010
PARNA Mapinguari;22460,47;2012
PARNA Mapinguari;1241,64;2013
PARNA Mapinguari;14039;2015
PARNA Mapinguari;21447,79;2016
PARNA Mapinguari;8530,05;2017
PARNA Mapinguari;2241,44;2018
PARNA Mapinguari;4179,93;2019
PARNA Mapinguari;434,98;2021
PARNA Mapinguari;2876,32;2022
PARNA Mapinguari;533,83;2023
PARNA Serra da Cutia;2474,07;2016
PARNA Serra da Mocidade;13025;2016
PARNA Serra da Mocidade;10678,97;2019
RDS Nascentes Geraizeiras;258,96;2015
REBIO da Contagem;291;2010
REBIO da Contagem;272,9;2011
REBIO da Contagem;263,53;2013
REBIO da Contagem;901,45;2014
REBIO da Contagem;603,5;2016
REBIO da Contagem;200,93;2017
REBIO da Contagem;1004,13;2019
REBIO da Contagem;291,54;2020
REBIO da Contagem;1651,07;2021
REBIO da Contagem;165,07;2022
REBIO da Contagem;257,74;2023
REBIO da Mata Escura;1487,59;2014
REBIO da Mata Escura;434,89;2015
REBIO da Mata Escura;443,74;2018
REBIO da Mata Escura;585,76;2019
REBIO da Mata Escura;2226,69;2020
REBIO da Mata Escura;921,39;2021
REBIO da Mata Escura;191,76;2022
REBIO da Mata Escura;241,41;2023
REBIO das Araucárias;0,69;2022
REBIO das Nascentes da Serra do Cachimbo;22049,35;2017
REBIO das Nascentes da Serra do Cachimbo;2325,49;2018
REBIO das Perobas;52,92;2019
REBIO de Pedra Talhada;9,95;2021
REBIO de Pedra Talhada;9,69;2022
REBIO de Pedra Talhada;8,05;2023
REBIO de Poço das Antas;834,2;2014
REBIO de Poço das Antas;502,86;2015
REBIO de Poço das Antas;193,9;2022
REBIO de Poço das Antas;361,44;2023
REBIO de Sooretama;884,1;2016
REBIO do Guaporé;7887,02;2010
REBIO do Guaporé;8512,87;2011
REBIO do Guaporé;12034,77;2012
REBIO do Guaporé;6627,41;2013
REBIO do Guaporé;983,93;2014
REBIO do Guaporé;8121,56;2015
REBIO do Guaporé;30500,63;2016
REBIO do Guaporé;13826,48;2017
REBIO do Guaporé;18217,74;2018
REBIO do Guaporé;1748,7;2019
REBIO do Guaporé;47233,72;2020
REBIO do Guaporé;3599,48;2021
REBIO do Guaporé;18517,34;2022
REBIO do Guaporé;30566,4;2023
REBIO do Gurupi;178,71;2013
REBIO do Gurupi;416,2;2014
REBIO do Gurupi;21184,75;2015
REBIO do Gurupi;266,09;2017
REBIO do Gurupi;422,51;2022
REBIO do Gurupi;227,65;2023
REBIO do Jaru;1317,39;2010
REBIO do Jaru;112,61;2012
REBIO do Jaru;521,51;2014
REBIO do Jaru;195,56;2016
REBIO do Jaru;269,99;2017
REBIO do Jaru;293,54;2022
REBIO do Jaru;248,94;2023
REBIO do Lago Piratuba;14056,76;2012
REBIO do Lago Piratuba;5028,34;2014
REBIO do Lago Piratuba;3643,71;2015
REBIO do Lago Piratuba;242,65;2017
REBIO do Lago Piratuba;231,45;2018
REBIO do Lago Piratuba;14866,61;2023
REBIO do Manicoré;716,66;2018
REBIO do Manicoré;1633,67;2020
REBIO do Manicoré;115,9;2023
REBIO do Rio Trombetas;1457,06;2023
REBIO do Tinguá;0,45;2022
REBIO do Tinguá;12,82;2023
REBIO Nascentes da Serra do Cachimbo;21053,37;2010
REBIO Nascentes da Serra do Cachimbo;3892,42;2012
REBIO Nascentes da Serra do Cachimbo;888,97;2014
REBIO Nascentes da Serra do Cachimbo;2021,4;2015
REBIO Nascentes da Serra do Cachimbo;2270,95;2016
REBIO Nascentes da Serra do Cachimbo;8411,79;2019
REBIO Nascentes da Serra do Cachimbo;25926,71;2020
REBIO Nascentes da Serra do Cachimbo;5855,62;2021
REBIO Nascentes da Serra do Cachimbo;16161,09;2022
REBIO Nascentes da Serra do Cachimbo;15076,62;2023
RESEX Acaú Goiana;5,44;2023
RESEX Arapixi;113,5;2018
RESEX Arapixi;16,78;2023
RESEX Chapada Limpa;2100;2012
RESEX Chapada Limpa;1911,32;2015
RESEX Chapada Limpa;91,37;2017
RESEX Chapada Limpa;488,65;2022
RESEX Chapada Limpa;449,45;2023
RESEX Chico Mendes;1737,05;2016
RESEX Chico Mendes;288,15;2017
RESEX Chico Mendes;6949,9;2018
RESEX Chico Mendes;345,56;2021
RESEX Chico Mendes;102,62;2022
RESEX da Mata Grande;207,54;2022
RESEX da Mata Grande;70,36;2023
RESEX de Canavieiras;848,73;2015
RESEX de Canavieiras;126,94;2017
RESEX de Canavieiras;1009,03;2019
RESEX de Canavieiras;39,43;2023
RESEX de Cassurubá;36,7;2019
RESEX de Cassurubá;245,76;2021
RESEX de Cassurubá;542,63;2023
RESEX de Recanto das Araras de Terra Ronca;1680,14;2012
RESEX de Recanto das Araras de Terra Ronca;1628,45;2013
RESEX de Recanto das Araras de Terra Ronca;6630,8;2015
RESEX de Recanto das Araras de Terra Ronca;1639,27;2016
RESEX de Recanto das Araras de Terra Ronca;5763,33;2018
RESEX de Recanto das Araras de Terra Ronca;407,35;2019
RESEX de Recanto das Araras de Terra Ronca;1363,12;2020
RESEX de Recanto das Araras de Terra Ronca;3982,09;2021
RESEX de Recanto das Araras de Terra Ronca;1550,98;2022
RESEX de Recanto das Araras de Terra Ronca;657,04;2023
RESEX do Alto Juruá;0,85;2022
RESEX do Alto Juruá;3,91;2023
RESEX do Cazumbá-Iracema;34,84;2023
RESEX do Extremo Norte do Tocantins;111,74;2017
RESEX do Lago do Capana Grande;186,37;2016
RESEX do Lago do Capana Grande;511,83;2020
RESEX do Rio Cajari;27080,1;2015
RESEX do Rio Cajari;19531,67;2016
RESEX do Rio Cajari;3218,48;2018
RESEX do Rio Cajari;4661,47;2019
RESEX do Rio Cajari;4931,07;2021
RESEX do Rio Cajari;1898,54;2022
RESEX do Rio Ouro Preto;323,97;2016
RESEX do Rio Ouro Preto;712,07;2017
RESEX do Rio Ouro Preto;25,06;2022
RESEX do Rio Ouro Preto;29,77;2023
RESEX Ipaú-Anilzinho;81,27;2017
RESEX Ituxi;8,87;2022
RESEX Lago do Cedro;2533,65;2011
RESEX Marinha da Baia do Iguapé;1,94;2023
RESEX Marinha do Delta do Parnaíba;63,62;2017
RESEX Renascer;294,62;2012
RESEX Renascer;372,52;2015
RESEX Rio Unini;0,04;2023
RESEX Rio Xingu;23,67;2023
RESEX Riozinho da Liberdade;1,39;2022
RESEX Riozinho da Liberdade;2,25;2023
RESEX Tapajós-Arapiuns;19,86;2017
RESEX Tapajós-Arapiuns;14,32;2022
RESEX Tapajós-Arapiuns;1246,12;2023
RESEX Verde para Sempre;1397,39;2012
RESEX Verde para Sempre;698,96;2015
RESEX Verde para Sempre;22933,51;2016
RESEX Verde para Sempre;11050,27;2023
REVIS das Veredas do Oeste Baiano;99,33;2012
REVIS das Veredas do Oeste Baiano;2638,87;2013
REVIS das Veredas do Oeste Baiano;49071,5;2014
REVIS das Veredas do Oeste Baiano;11236,4;2015
REVIS das Veredas do Oeste Baiano;4695,42;2016
REVIS das Veredas do Oeste Baiano;39767,39;2017
REVIS das Veredas do Oeste Baiano;321,24;2018
REVIS das Veredas do Oeste Baiano;52223,35;2021
REVIS das Veredas do Oeste Baiano;9177,28;2022
REVIS das Veredas do Oeste Baiano;4891,44;2023
REVIS das Veredas do Oeste Baiano;62697,3;2011
REVIS de Boa Nova;96,5;2017
REVIS de Boa Nova;76,24;2019
REVIS de Boa Nova;21,4;2023
REVIS de Una;102,52;2023
REVIS do Rio dos Frades;75,31;2019
REVIS do Rio dos Frades;38,93;2021
REVIS dos Campos de Palmas;3249,49;2016
REVIS dos Campos de Palmas;109,54;2017
REVIS dos Campos de Palmas;1046,07;2022
REVIS dos Campos de Palmas;2485,28;2023
REVIS das Veredas do Oeste Baiano;18139,17;2020
